Workbook

Sheet raw_data
A1: id | B1: first_name | C1: age | D1: gender | E1: relationship_status | F1: favorite_color | G1: astrological_sign | H1: farm_of_origin | I1: horn_length_cm | J1: beard_length_cm | K1: coat_condition | L1: avg_daily_steps | M1: weight_kg | N1: bleat_vol_db | O1: current_mood | P1: naps_per_day | Q1: fav_activity | R1: affiliation | S1: num_friends | T1: vaccine_status | U1: fav_song | V1: yearly_income | W1: bff | X1: nemesis | Y1: crush_on
A2: 1 | B2: Maggie | C2: 11 | D2: Female | E2: Single | F2: Green | G2: Leo | H2: North Meadow | I2: 7.2 | J2: 0.07 | K2: SOFT | L2: 11000 | M2: 77 | N2: 127 | O2: grumpy | P2: 8 | Q2: Headbutting | R2: Anarchist Climbers | S2: 31 | T2: Conspiracy Theorist | U2: Take on Me | V2: 27733 | W2: 62 | X2: 55 | Y2: 85
A3: 2 | B3: Daisy | C3: 5 | D3: Female | E3: Itâ€™s Complicated | F3: Brown | G3: Taurus | H3: Cliffside Spa | I3: 31.48 | J3: 14.33 | K3: SMOOTH | L3: 6344 | M3: 62 | N3: 101 | O3: hungry | P3: 9 | Q3: Starting Drama | R3: Nomadic Yogis | S3: 53 | T3: Overdue | U3: Bohemian Rhapsody | V3: 94385 | W3: 59 | X3: 63 | Y3: 1
A4: 3 | B4: Rosie | C4: 14 | D4: Female | E4: Mated | F4: Beige | G4: Virgo | H4: North Meadow | I4: 15.96 | J4: 13.37 | K4: ROUGH | L4: 633 | M4: 72 | N4: 140 | O4: chill | P4: 11 | Q4: Listening to the Wind | R4: Chill Grazers | S4: 44 | T4: Up to Date | U4: I Will Always Love Ewe | V4: 35434 | W4: 41 | X4: 16 | Y4: 17
A5: 4 | B5: Luna | C5: 10 | D5: Female | E5: Situationship | F5: White | G5: Libra | H5: Cliffside Spa | I5: 22.81 | J5: 2.53 | K5: SMOOTH | L5: 1213 | M5: 73 | N5: 79 | O5: hungry | P5: 6 | Q5: Meditating on a Hill | R5: Chill Grazers | S5: 13 | T5: Up to Date | U5: Dreams | V5: 22975 | W5: 20 | X5: 52 | Y5: 31
A6: 5 | B6: Penny | C6: 18 | D6: Female | E6: Mated | F6: Gray | G6: Pisces | H6: Abandoned Barn | I6: 41.17 | J6: 3.9 | K6: SMOOTH | L6: 7753 | M6: 75 | N6: 89 | O6: grumpy | P6: 12 | Q6: Reorganizing Pebbles | R6: Anarchist Climbers | S6: 12 | T6: Up to Date | U6: Jolene | V6: 8905 | W6: 42 | X6: 2 | Y6: 59
A7: 6 | B7: Buck | C7: 12 | D7: Male | E7: Mated | F7: Green | G7: Aries | H7: North Meadow | I7: 22.12 | J7: 11.57 | K7: COARSE | L7: 7301 | M7: 65 | N7: 65 | O7: grumpy | P7: 0 | Q7: Dominating the Salt Lick | R7: Chill Grazers | S7: 12 | T7: Overdue | U7: Total Eclipse of the Hoof | V7: 6350 | W7: 6 | X7: 93 | Y7: 50
A8: 7 | B8: Millie | C8: 2 | D8: Female | E8: Itâ€™s Complicated | F8: Yellow | G8: Virgo | H8: Abandoned Barn | I8: 34.65 | J8: 23.22 | K8: SOFT | L8: 1391 | M8: 103 | N8: 67 | O8: chill | P8: 12 | Q8: Chasing Butterflies | R8: Chill Grazers | S8: 71 | T8: Up to Date | U8: Bohemian Rhapsody | V8: 87306 | W8: 69 | X8: 69 | Y8: 54
A9: 8 | B9: Hank | C9: 13 | D9: Male | E9: Mated | F9: Brown | G9: Sagittarius | H9: Cliffside Spa | I9: 30.28 | J9: 0.78 | K9: FLUFFY | L9: 8975 | M9: 80 | N9: 154 | O9: hungry | P9: 7 | Q9: Chewing Everything | R9: Chill Grazers | S9: 7 | T9: Overdue | U9: Donâ€™t Stop Bleating | V9: 25803 | W9: 12 | X9: 60 | Y9: 42
A10: 9 | B10: Gus | C10: 7 | D10: Male | E10: Mated | F10: Tan | G10: Aquarius | H10: North Meadow | I10: 32.83 | J10: 12.71 | K10: COARSE | L10: 2923 | M10: 30 | N10: 139 | O10: rowdy | P10: 11 | Q10: Practicing Yoga | R10: Nomadic Yogis | S10: 29 | T10: Conspiracy Theorist | U10: Africa | V10: 31274 | W10: 18 | X10: 26 | Y10: 43
A11: 10 | B11: Ruby | C11: 11 | D11: Female | E11: Mated | F11: Green | G11: Virgo | H11: Cliffside Spa | I11: 15.39 | J11: 19.09 | K11: SMOOTH | L11: 14934 | M11: 59 | N11: 91 | O11: hungry | P11: 1 | Q11: Artistic Bleating | R11: Anarchist Climbers | S11: 11 | T11: Conspiracy Theorist | U11: Total Eclipse of the Hoof | V11: 70834 | W11: 85 | X11: 15 | Y11: 79
A12: 11 | B12: Nellie | C12: 11 | D12: Female | E12: Mated | F12: White | G12: Taurus | H12: Mud Pit | I12: 2.96 | J12: 24.61 | K12: SPARKLY | L12: 1697 | M12: 40 | N12: 137 | O12: grumpy | P12: 5 | Q12: Screaming at Nothing | R12: Anarchist Climbers | S12: 79 | T12: Conspiracy Theorist | U12: Africa | V12: 64929 | W12: 41 | X12: 40 | Y12: 28
A13: 12 | B13: Charlie | C13: 14 | D13: Male | E13: Itâ€™s Complicated | F13: Gray | G13: Virgo | H13: Mud Pit | I13: 35.98 | J13: 13.21 | K13: SMOOTH | L13: 6711 | M13: 117 | N13: 131 | O13: enlightened | P13: 0 | Q13: Headbutting | R13: Anarchist Climbers | S13: 5 | T13: Conspiracy Theorist | U13: Hotel California | V13: 31713 | W13: 94 | X13: 85 | Y13: 71
... A100: 99 | B100: Pete | C100: 18 | D100: Male | E100: Situationship | F100: Green | G100: Sagittarius | H100: North Meadow | I100: 31.74 | J100: 4.85 | K100: SMOOTH | L100: 12513 | M100: 81 | N100: 151 | O100: enlightened | P100: 6 | Q100: Chewing Everything | R100: Nomadic Yogis | S100: 96 | T100: Conspiracy Theorist | U100: Total Eclipse of the Hoof | V100: 58923 | W100: 92 | X100: 95 | Y100: 45

Sheet clean_data
A1: id | B1: first_name | C1: age | D1: gender | E1: relationship_status | F1: favorite_color | G1: astrological_sign | H1: farm_of_origin | I1: horn_length_cm | J1: beard_length_cm | K1: coat_condition | L1: avg_daily_steps | M1: weight_kg | N1: bleat_vol_db | O1: current_mood | P1: naps_per_day | Q1: fav_activity | R1: gang_affiliation | S1: num_friends | T1: vaccine_status | U1: fav_song | V1: yearly_income | W1: bff_id | X1: nemesis_id | Y1: crush_on_id | Z1: happiness_score
A2: 1 | B2: Maggie | C2: 11 | D2: female | E2: single | F2: green | G2: Leo | H2: North Meadow | I2: 7.2 | J2: 0.07 | K2: soft | L2: 11000 | M2: 77 | N2: 127 | O2: grumpy | P2: 8 | Q2: headbutting | R2: Anarchist Climbers | S2: 31 | T2: conspiracy theorist | U2: Take on Me | V2: 27733 | W2: 62 | X2: 55 | Y2: 85 | Z2: =VLOOKUP(Table1[[#This Row],[current_mood]],lookup_tables!$A$2:$B$6,2,FALSE) -> 30
A3: 2 | B3: Daisy | C3: 5 | D3: female | E3: it's complicated | F3: brown | G3: Taurus | H3: Cliffside Spa | I3: 31.48 | J3: 14.33 | K3: smooth | L3: 6344 | M3: 62 | N3: 101 | O3: hungry | P3: 9 | Q3: starting drama | R3: Nomadic Yogis | S3: 53 | T3: overdue | U3: Bohemian Rhapsody | V3: 94385 | W3: 59 | X3: 63 | Y3: 1 | Z3: =VLOOKUP(Table1[[#This Row],[current_mood]],lookup_tables!$A$2:$B$6,2,FALSE) -> 45
A4: 3 | B4: Rosie | C4: 14 | D4: female | E4: mated | F4: beige | G4: Virgo | H4: North Meadow | I4: 15.96 | J4: 13.37 | K4: rough | L4: 633 | M4: 72 | N4: 140 | O4: chill | P4: 11 | Q4: listening to the wind | R4: Chill Grazers | S4: 44 | T4: up to date | U4: I Will Always Love Ewe | V4: 35434 | W4: 41 | X4: 16 | Y4: 17 | Z4: =VLOOKUP(Table1[[#This Row],[current_mood]],lookup_tables!$A$2:$B$6,2,FALSE) -> 70
A5: 4 | B5: Luna | C5: 10 | D5: female | E5: situationship | F5: white | G5: Libra | H5: Cliffside Spa | I5: 22.81 | J5: 2.53 | K5: smooth | L5: 1213 | M5: 73 | N5: 79 | O5: hungry | P5: 6 | Q5: meditating on a hill | R5: Chill Grazers | S5: 13 | T5: up to date | U5: Dreams | V5: 22975 | W5: 20 | X5: 52 | Y5: 31 | Z5: =VLOOKUP(Table1[[#This Row],[current_mood]],lookup_tables!$A$2:$B$6,2,FALSE) -> 45
A6: 5 | B6: Penny | C6: 18 | D6: female | E6: mated | F6: gray | G6: Pisces | H6: Abandoned Barn | I6: 41.17 | J6: 3.9 | K6: smooth | L6: 7753 | M6: 75 | N6: 89 | O6: grumpy | P6: 12 | Q6: reorganizing pebbles | R6: Anarchist Climbers | S6: 12 | T6: up to date | U6: Jolene | V6: 8905 | W6: 42 | X6: 2 | Y6: 59 | Z6: =VLOOKUP(Table1[[#This Row],[current_mood]],lookup_tables!$A$2:$B$6,2,FALSE) -> 30
A7: 6 | B7: Buck | C7: 12 | D7: male | E7: mated | F7: green | G7: Aries | H7: North Meadow | I7: 22.12 | J7: 11.57 | K7: coarse | L7: 7301 | M7: 65 | N7: 65 | O7: grumpy | P7: 0 | Q7: dominating the salt lick | R7: Chill Grazers | S7: 12 | T7: overdue | U7: Total Eclipse of the Hoof | V7: 6350 | W7: 6 | X7: 93 | Y7: 50 | Z7: =VLOOKUP(Table1[[#This Row],[current_mood]],lookup_tables!$A$2:$B$6,2,FALSE) -> 30
A8: 7 | B8: Millie | C8: 2 | D8: female | E8: it's complicated | F8: yellow | G8: Virgo | H8: Abandoned Barn | I8: 34.65 | J8: 23.22 | K8: soft | L8: 1391 | M8: 103 | N8: 67 | O8: chill | P8: 12 | Q8: chasing butterflies | R8: Chill Grazers | S8: 71 | T8: up to date | U8: Bohemian Rhapsody | V8: 87306 | W8: 69 | X8: 69 | Y8: 54 | Z8: =VLOOKUP(Table1[[#This Row],[current_mood]],lookup_tables!$A$2:$B$6,2,FALSE) -> 70
A9: 8 | B9: Hank | C9: 13 | D9: male | E9: mated | F9: brown | G9: Sagittarius | H9: Cliffside Spa | I9: 30.28 | J9: 0.78 | K9: fluffy | L9: 8975 | M9: 80 | N9: 154 | O9: hungry | P9: 7 | Q9: chewing everything | R9: Chill Grazers | S9: 7 | T9: overdue | U9: Don't Stop Bleating | V9: 25803 | W9: 12 | X9: 60 | Y9: 42 | Z9: =VLOOKUP(Table1[[#This Row],[current_mood]],lookup_tables!$A$2:$B$6,2,FALSE) -> 45
A10: 9 | B10: Gus | C10: 7 | D10: male | E10: mated | F10: tan | G10: Aquarius | H10: North Meadow | I10: 32.83 | J10: 12.71 | K10: coarse | L10: 2923 | M10: 30 | N10: 139 | O10: rowdy | P10: 11 | Q10: practicing yoga | R10: Nomadic Yogis | S10: 29 | T10: conspiracy theorist | U10: Africa | V10: 31274 | W10: 18 | X10: 26 | Y10: 43 | Z10: =VLOOKUP(Table1[[#This Row],[current_mood]],lookup_tables!$A$2:$B$6,2,FALSE) -> 55
A11: 10 | B11: Ruby | C11: 11 | D11: female | E11: mated | F11: green | G11: Virgo | H11: Cliffside Spa | I11: 15.39 | J11: 19.09 | K11: smooth | L11: 14934 | M11: 59 | N11: 91 | O11: hungry | P11: 1 | Q11: artistic bleating | R11: Anarchist Climbers | S11: 11 | T11: conspiracy theorist | U11: Total Eclipse of the Hoof | V11: 70834 | W11: 85 | X11: 15 | Y11: 79 | Z11: =VLOOKUP(Table1[[#This Row],[current_mood]],lookup_tables!$A$2:$B$6,2,FALSE) -> 45
A12: 11 | B12: Nellie | C12: 11 | D12: female | E12: mated | F12: white | G12: Taurus | H12: Mud Pit | I12: 2.96 | J12: 24.61 | K12: sparkly | L12: 1697 | M12: 40 | N12: 137 | O12: grumpy | P12: 5 | Q12: screaming at nothing | R12: Anarchist Climbers | S12: 79 | T12: conspiracy theorist | U12: Africa | V12: 64929 | W12: 41 | X12: 40 | Y12: 28 | Z12: =VLOOKUP(Table1[[#This Row],[current_mood]],lookup_tables!$A$2:$B$6,2,FALSE) -> 30
A13: 12 | B13: Charlie | C13: 14 | D13: male | E13: it's complicated | F13: gray | G13: Virgo | H13: Mud Pit | I13: 35.98 | J13: 13.21 | K13: smooth | L13: 6711 | M13: 117 | N13: 131 | O13: enlightened | P13: 0 | Q13: headbutting | R13: Anarchist Climbers | S13: 5 | T13: conspiracy theorist | U13: Hotel California | V13: 31713 | W13: 94 | X13: 85 | Y13: 71 | Z13: =VLOOKUP(Table1[[#This Row],[current_mood]],lookup_tables!$A$2:$B$6,2,FALSE) -> 90
... A100: 99 | B100: Pete | C100: 18 | D100: male | E100: situationship | F100: green | G100: Sagittarius | H100: North Meadow | I100: 31.74 | J100: 4.85 | K100: smooth | L100: 12513 | M100: 81 | N100: 151 | O100: enlightened | P100: 6 | Q100: chewing everything | R100: Nomadic Yogis | S100: 96 | T100: conspiracy theorist | U100: Total Eclipse of the Hoof | V100: 58923 | W100: 92 | X100: 95 | Y100: 45 | Z100: =VLOOKUP(Table1[[#This Row],[current_mood]],lookup_tables!$A$2:$B$6,2,FALSE) -> 90

Sheet pivot_tables
A1: Sum of id | B1: gang_affiliation
A2: current_mood | B2: Anarchist Climbers | C2: Chill Grazers | D2: Goat Mafia | E2: Nomadic Yogis | F2: Grand Total
A3: chill | B3: 360 | C3: 404 | D3: 105 | E3: 393 | F3: 1262
A4: hungry | B4: 306 | C4: 424 | D4: 94 | E4: 261 | F4: 1085
A5: enlightened | B5: 172 | C5: 171 | D5: 432 | E5: 241 | F5: 1016
A6: grumpy | B6: 226 | C6: 240 | D6: 238 | E6: 118 | F6: 822
A7: rowdy | B7: 244 | D7: 281 | E7: 240 | F7: 765
A8: Grand Total | B8: 1308 | C8: 1239 | D8: 1150 | E8: 1253 | F8: 4950
A10: gang_affiliation | B10: Sum of happiness_score
A11: Anarchist Climbers | B11: 1645
A12: Chill Grazers | B12: 1400
A13: Goat Mafia | B13: 1275
A14: Nomadic Yogis | B14: 1495
A15: Grand Total | B15: 5815

Sheet lookup_tables
A1: Mood | B1: Happiness_Score
A2: grumpy | B2: 30
A3: hungry | B3: 45
A4: rowdy | B4: 55
A5: chill | B5: 70
A6: enlightened | B6: 90
